<?xml version="1.0" encoding="UTF-8"?>
<pgeConfig>

  <!-- How to run the PGE -->
  <exe dir="[JobDir]" shell="/bin/bash">
    <cmd>[PGE_HOME]/bin/example-script.sh > /tmp/HelloWorldPGE-[ProductionDateTime].output.txt</cmd>
  </exe>

  <!-- Files to ingest -->
  <output>
  </output>

  <!-- Custom metadata to add to output files -->
  <customMetadata>
    <!-- helpful keys -->
    <metadata key="LessThan" val="&#x3C;"/>
    <metadata key="LessThanOrEqualTo" val="[LessThan]="/>
    <metadata key="GreaterThan" val="&#x3E;"/>
    <metadata key="GreaterThanOrEqualTo" val="[GreaterThan]="/>
    <metadata key="Exclamation" val="&#33;"/>
    <metadata key="Ampersand" val="&#38;"/>
    <metadata key="NotEqualTo" val="[Ampersand]="/>
    <metadata key="LogicalAnd" val="[Ampersand][Ampersand]"/>
    <metadata key="CshPipeToStdOutAndError" val="[GreaterThan][Ampersand][Exclamation]"/>

    <metadata key="ProductionDateTime" val="[DATE.UTC]"/>
  </customMetadata>

</pgeConfig>
