<?xml version="1.0" encoding="UTF-8"?>
<!--
Licensed to the Apache Software Foundation (ASF) under one or more
contributor license agreements. See the NOTICE file distributed with
this work for additional information regarding copyright ownership.
The ASF licenses this file to You under the Apache License, Version 2.0
(the "License"); you may not use this file except in compliance with
the License. You may obtain a copy of the License at

http://www.apache.org/licenses/LICENSE-2.0

Unless required by applicable law or agreed to in writing, software
distributed under the License is distributed on an "AS IS" BASIS,
WITHOUT WARRANTIES OR CONDITIONS OF ANY KIND, either express or implied.
See the License for the specific language governing permissions and
limitations under the License.
-->
<cas:producttypes xmlns:cas="http://oodt.jpl.nasa.gov/1.0/cas">
  <type id="urn:oodt:GenericFile" name="GenericFile">
    <repository path="file://[OODT_HOME]/data/archive"/>
    <versioner class="org.apache.oodt.cas.filemgr.versioning.BasicVersioner"/>
    <!--
You can optionally specify a 'trim' tag to identify whether
or not you want newlines trimmed from the product type description. To
turn off trimming (now done by default), include the following attribute with your
description definition: trim="false"
-->
    <description>The default product type for any kind of file.</description>
    <metExtractors>
      <extractor
        class="org.apache.oodt.cas.filemgr.metadata.extractors.CoreMetExtractor">
        <configuration>
          <!-- you can optionally include the envReplace tag to turn on/off environment var replacement -->
          <property name="nsAware" value="true" />
          <property name="elementNs" value="CAS" />
          <property name="elements"
            value="ProductReceivedTime,ProductName,ProductId" />
        </configuration>
      </extractor>
      <extractor class="org.apache.oodt.cas.filemgr.metadata.extractors.examples.MimeTypeExtractor" />
      <extractor class="org.apache.oodt.cas.filemgr.metadata.extractors.examples.FinalFileLocationExtractor">
        <configuration>
          <!-- this property specifies whether you want the FILE_LOCATION field
computed by this extractor to replace any other FILE_LOCATION met
attribute.
-->
           <property name="replace" value="true"/>
        </configuration>
      </extractor>
    </metExtractors>
    <metadata/>
  </type>
</cas:producttypes>
